<?xml version="1.0" encoding="UTF-8"?>
<metadata>
  <groupId>org.apache.felix</groupId>
  <artifactId>maven-bundle-plugin</artifactId>
  <versioning>
    <latest>2.5.4</latest>
    <release>2.5.4</release>
    <versions>
      <version>1.0.0</version>
      <version>1.2.0</version>
      <version>1.2.1</version>
      <version>1.4.0</version>
      <version>1.4.1</version>
      <version>1.4.2</version>
      <version>1.4.3</version>
      <version>2.0.0</version>
      <version>2.0.1</version>
      <version>2.1.0</version>
      <version>2.2.0</version>
      <version>2.3.4</version>
      <version>2.3.5</version>
      <version>2.3.6</version>
      <version>2.3.7</version>
      <version>2.4.0</version>
      <version>2.5.0</version>
      <version>2.5.2</version>
      <version>2.5.3</version>
      <version>2.5.4</version>
    </versions>
    <lastUpdated>20150427062809</lastUpdated>
  </versioning>
</metadata>
